"","CarInsurance"
"1","0"
"2","0"
"3","1"
"4","1"
"5","0"
"6","1"
"7","1"
"8","0"
"9","0"
"10","0"
"11","0"
"12","1"
"13","1"
"14","0"
"15","1"
"16","1"
"17","0"
"18","1"
"19","1"
"20","1"
"21","0"
"22","1"
"23","0"
"24","1"
"25","1"
"26","0"
"27","0"
"29","0"
"30","0"
"31","1"
"32","0"
"33","1"
"34","0"
"35","0"
"36","0"
"37","0"
"38","0"
"39","1"
"40","0"
"41","0"
"42","0"
"43","1"
"44","1"
"45","0"
"46","0"
"47","1"
"48","1"
"49","0"
"50","0"
"51","0"
"52","0"
"53","1"
"54","1"
"55","0"
"56","1"
"57","0"
"58","0"
"59","1"
"60","0"
"61","0"
"62","1"
"63","1"
"64","0"
"65","1"
"66","1"
"67","0"
"68","0"
"69","1"
"70","0"
"71","1"
"72","0"
"73","0"
"74","0"
"75","0"
"76","1"
"77","0"
"78","0"
"79","0"
"80","0"
"81","1"
"82","0"
"83","1"
"84","0"
"85","1"
"86","0"
"87","0"
"88","1"
"89","0"
"90","1"
"91","1"
"92","0"
"93","0"
"94","0"
"95","0"
"96","0"
"97","0"
"98","1"
"99","0"
"100","0"
"101","0"
"102","1"
"103","1"
"104","1"
"105","0"
"106","1"
"107","0"
"108","0"
"109","1"
"110","0"
"111","1"
"112","1"
"113","0"
"114","0"
"115","0"
"116","1"
"117","1"
"118","1"
"119","1"
"120","0"
"121","1"
"122","1"
"123","1"
"124","1"
"125","1"
"126","0"
"127","1"
"128","1"
"129","1"
"130","0"
"131","0"
"132","1"
"133","0"
"134","0"
"135","0"
"136","1"
"137","1"
"138","1"
"139","0"
"140","0"
"141","0"
"142","0"
"143","0"
"144","0"
"145","1"
"146","1"
"147","1"
"148","0"
"149","0"
"150","0"
"151","1"
"152","1"
"153","0"
"154","1"
"155","1"
"156","1"
"157","0"
"158","0"
"159","0"
"160","1"
"161","1"
"162","0"
"163","0"
"164","1"
"165","0"
"166","1"
"167","0"
"168","1"
"169","1"
"170","0"
"171","0"
"172","0"
"173","1"
"174","1"
"175","0"
"176","0"
"177","1"
"178","0"
"179","1"
"180","1"
"181","0"
"182","0"
"183","1"
"184","1"
"185","1"
"186","1"
"187","0"
"188","1"
"189","0"
"190","1"
"191","0"
"192","0"
"193","0"
"194","0"
"195","1"
"196","1"
"197","0"
"198","0"
"199","1"
"200","0"
"201","1"
"202","0"
"203","1"
"204","0"
"205","0"
"206","0"
"207","1"
"208","0"
"209","1"
"210","1"
"211","0"
"212","1"
"213","0"
"214","1"
"215","1"
"216","1"
"217","0"
"218","0"
"219","1"
"220","0"
"221","1"
"222","1"
"223","0"
"224","0"
"225","0"
"226","0"
"227","1"
"228","0"
"229","1"
"230","0"
"231","1"
"232","0"
"233","1"
"234","0"
"235","1"
"236","0"
"237","0"
"238","0"
"239","0"
"241","0"
"242","0"
"243","0"
"244","1"
"245","1"
"246","0"
"247","1"
"248","0"
"249","0"
"250","1"
"251","0"
"252","1"
"253","1"
"254","0"
"255","0"
"256","1"
"257","0"
"258","0"
"259","1"
"260","0"
"261","0"
"262","0"
"263","1"
"264","1"
"265","1"
"266","0"
"267","0"
"268","0"
"269","1"
"270","1"
"271","0"
"272","0"
"273","0"
"274","1"
"275","1"
"276","0"
"277","0"
"278","0"
"279","0"
"280","0"
"281","0"
"282","0"
"283","1"
"284","0"
"285","1"
"286","1"
"287","0"
"288","1"
"289","0"
"290","0"
"291","1"
"292","0"
"293","0"
"294","0"
"295","0"
"296","0"
"297","0"
"298","1"
"299","0"
"300","1"
"301","0"
"302","0"
"303","0"
"304","1"
"305","1"
"306","0"
"307","0"
"308","1"
"309","0"
"310","1"
"311","0"
"312","0"
"313","1"
"314","0"
"315","0"
"316","1"
"317","1"
"318","0"
"319","0"
"320","0"
"321","1"
"322","0"
"323","1"
"324","0"
"325","1"
"326","0"
"327","0"
"328","0"
"329","1"
"330","0"
"331","1"
"332","0"
"333","1"
"334","1"
"335","1"
"336","1"
"337","1"
"338","1"
"339","1"
"340","1"
"341","1"
"342","0"
"343","1"
"344","0"
"345","0"
"346","0"
"347","0"
"348","1"
"349","1"
"350","0"
"351","1"
"352","0"
"353","0"
"354","0"
"355","0"
"356","0"
"357","0"
"358","0"
"359","0"
"360","1"
"361","0"
"362","0"
"363","0"
"364","1"
"365","0"
"366","0"
"367","0"
"368","0"
"369","1"
"370","0"
"371","0"
"372","0"
"373","1"
"374","0"
"375","1"
"376","1"
"377","0"
"378","0"
"379","0"
"380","0"
"381","0"
"382","0"
"383","1"
"384","0"
"385","1"
"386","0"
"387","1"
"388","0"
"389","1"
"390","1"
"391","1"
"392","0"
"393","1"
"394","0"
"395","1"
"396","0"
"397","0"
"398","0"
"399","0"
"400","1"
"401","0"
"402","1"
"403","1"
"404","1"
"405","1"
"406","0"
"407","0"
"408","1"
"409","0"
"410","1"
"411","0"
"412","0"
"413","0"
"414","1"
"415","1"
"416","1"
"417","0"
"418","1"
"419","1"
"420","1"
"421","0"
"422","1"
"423","0"
"424","0"
"425","0"
"426","1"
"427","1"
"428","0"
"429","1"
"430","1"
"431","0"
"432","1"
"433","1"
"434","0"
"435","1"
"436","1"
"437","0"
"438","0"
"439","0"
"440","0"
"441","0"
"442","0"
"443","1"
"444","0"
"445","0"
"446","0"
"447","0"
"448","0"
"449","0"
"450","0"
"451","1"
"452","0"
"453","0"
"454","0"
"455","1"
"456","1"
"457","1"
"458","1"
"459","0"
"460","1"
"461","1"
"462","1"
"463","0"
"464","1"
"465","0"
"466","1"
"467","0"
"468","0"
"469","0"
"470","0"
"471","1"
"472","0"
"473","0"
"474","1"
"475","0"
"476","0"
"477","1"
"478","0"
"479","0"
"480","0"
"481","1"
"482","0"
"483","1"
"484","0"
"485","0"
"486","1"
"488","0"
"489","0"
"490","0"
"491","1"
"492","0"
"493","0"
"494","0"
"495","0"
"496","1"
"497","1"
"498","0"
"499","0"
"500","1"
"501","1"
"502","1"
"503","1"
"504","1"
"505","0"
"506","0"
"507","0"
"508","1"
"509","1"
"510","1"
"511","0"
"512","1"
"513","0"
"514","1"
"515","0"
"516","1"
"517","0"
"518","0"
"519","1"
"520","0"
"521","1"
"522","0"
"523","1"
"524","0"
"525","0"
"526","0"
"527","0"
"528","1"
"529","1"
"530","1"
"531","0"
"532","0"
"533","1"
"534","1"
"535","1"
"536","1"
"538","0"
"539","1"
"540","1"
"541","1"
"542","1"
"543","1"
"544","1"
"545","0"
"546","1"
"547","0"
"548","1"
"549","1"
"550","0"
"551","0"
"552","1"
"553","1"
"554","0"
"555","0"
"556","0"
"557","0"
"558","0"
"559","1"
"560","1"
"561","0"
"562","1"
"563","1"
"564","0"
"565","1"
"566","0"
"567","0"
"568","1"
"569","0"
"570","0"
"571","0"
"572","1"
"573","0"
"574","1"
"575","1"
"576","0"
"577","0"
"578","1"
"579","1"
"580","0"
"581","1"
"582","1"
"583","0"
"584","0"
"585","1"
"586","0"
"587","0"
"588","0"
"589","1"
"590","0"
"591","0"
"592","0"
"593","0"
"594","0"
"595","0"
"596","0"
"597","0"
"598","0"
"599","0"
"600","0"
"601","0"
"602","0"
"603","1"
"604","1"
"605","0"
"607","1"
"608","1"
"609","1"
"610","0"
"611","0"
"612","1"
"613","1"
"614","0"
"615","1"
"616","0"
"617","0"
"618","0"
"619","1"
"620","0"
"621","0"
"622","1"
"623","0"
"624","1"
"625","1"
"626","0"
"627","0"
"628","0"
"629","0"
"630","1"
"631","0"
"632","0"
"633","1"
"634","0"
"635","1"
"636","1"
"637","0"
"638","1"
"639","1"
"640","1"
"641","1"
"642","0"
"643","0"
"644","0"
"645","0"
"646","1"
"647","0"
"648","0"
"649","0"
"650","1"
"651","1"
"652","1"
"653","1"
"654","1"
"655","0"
"656","1"
"657","1"
"658","1"
"659","0"
"660","1"
"661","1"
"662","1"
"663","0"
"664","1"
"665","0"
"666","0"
"667","0"
"668","1"
"669","1"
"670","0"
"671","0"
"672","0"
"673","1"
"674","1"
"675","0"
"676","0"
"677","0"
"678","0"
"679","0"
"680","0"
"681","0"
"682","0"
"683","0"
"684","0"
"685","0"
"686","1"
"687","0"
"688","0"
"689","0"
"690","1"
"691","0"
"692","0"
"693","0"
"694","1"
"695","1"
"696","0"
"697","0"
"698","0"
"699","0"
"700","1"
"701","0"
"702","0"
"703","0"
"704","1"
"705","0"
"706","0"
"707","0"
"708","0"
"709","0"
"710","0"
"711","0"
"712","0"
"713","1"
"714","1"
"715","1"
"716","1"
"717","1"
"718","1"
"719","0"
"720","0"
"721","0"
"722","0"
"723","0"
"724","1"
"725","1"
"726","0"
"727","0"
"728","1"
"729","0"
"730","0"
"731","0"
"732","0"
"733","0"
"734","0"
"735","1"
"736","0"
"737","0"
"738","0"
"739","1"
"740","0"
"741","1"
"742","0"
"743","1"
"744","0"
"745","1"
"746","1"
"747","1"
"748","1"
"749","0"
"750","1"
"751","0"
"752","1"
"753","1"
"754","0"
"755","1"
"756","0"
"757","1"
"758","0"
"759","1"
"760","1"
"761","0"
"762","0"
"763","0"
"764","0"
"765","1"
"766","1"
"767","0"
"768","0"
"769","0"
"770","1"
"771","0"
"772","0"
"773","0"
"774","1"
"775","1"
"776","0"
"777","1"
"778","1"
"779","1"
"780","0"
"781","0"
"782","0"
"783","0"
"784","0"
"785","0"
"786","0"
"787","0"
"788","1"
"789","1"
"790","0"
"791","0"
"792","0"
"793","0"
"794","1"
"795","1"
"796","0"
"797","1"
"798","1"
"799","1"
"800","0"
"801","0"
"802","1"
"803","0"
"804","0"
"805","0"
"806","1"
"807","0"
"808","0"
"809","0"
"810","0"
"811","1"
"812","0"
"813","1"
"814","0"
"815","0"
"816","0"
"817","0"
"818","0"
"819","1"
"820","0"
"821","0"
"822","0"
"823","0"
"824","0"
"825","0"
"826","0"
"827","1"
"828","0"
"829","0"
"830","0"
"831","1"
"832","0"
"833","0"
"834","0"
"835","0"
"836","0"
"837","0"
"838","0"
"839","1"
"840","0"
"841","0"
"842","0"
"843","0"
"844","1"
"845","0"
"846","1"
"847","0"
"848","1"
"849","1"
"850","1"
"851","0"
"852","1"
"853","0"
"854","1"
"855","0"
"856","1"
"857","1"
"858","0"
"859","1"
"860","1"
"861","1"
"862","1"
"863","0"
"864","0"
"865","1"
"866","1"
"867","0"
"868","0"
"869","0"
"870","0"
"871","1"
"872","1"
"873","1"
"874","1"
"875","0"
"876","1"
"877","0"
"878","1"
"879","1"
"880","0"
"881","0"
"882","0"
"883","0"
"884","0"
"885","1"
"886","1"
"887","0"
"888","0"
"889","0"
"890","0"
"891","0"
"892","0"
"893","0"
"894","0"
"895","1"
"896","1"
"897","1"
"898","1"
"899","0"
"900","0"
"901","0"
"902","1"
"903","0"
"904","1"
"905","0"
"906","0"
"907","0"
"908","1"
"909","0"
"910","0"
"911","0"
"912","0"
"913","0"
"914","1"
"915","0"
"916","1"
"917","1"
"918","0"
"919","1"
"920","0"
"921","1"
"922","0"
"923","1"
"924","0"
"925","0"
"926","1"
"927","0"
"928","0"
"929","0"
"930","0"
"931","0"
"932","0"
"933","0"
"934","1"
"935","0"
"936","1"
"937","0"
"938","1"
"939","0"
"940","1"
"941","1"
"942","0"
"943","0"
"944","0"
"945","1"
"946","0"
"947","0"
"948","0"
"949","0"
"950","1"
"951","1"
"952","0"
"953","0"
"954","1"
"955","0"
"956","0"
"957","0"
"958","1"
"959","0"
"960","0"
"961","0"
"962","0"
"963","1"
"964","1"
"965","0"
"966","1"
"967","1"
"968","0"
"969","0"
"970","0"
"971","1"
"972","1"
"973","1"
"974","0"
"975","0"
"976","0"
"977","1"
"978","1"
"979","0"
"980","0"
"981","0"
"982","0"
"983","1"
"984","1"
"985","1"
"986","1"
"987","0"
"988","0"
"989","0"
"990","0"
"991","1"
"992","0"
"993","1"
"994","1"
"995","0"
"996","0"
"997","0"
"998","1"
"999","0"
"1000","1"
"1001","0"
"1002","0"
"1003","0"
"1004","0"
"1005","0"
"1006","0"
"1007","0"
"1008","1"
"1009","0"
"1010","1"
"1011","0"
"1012","0"
"1013","0"
"1014","1"
"1015","1"
"1016","0"
"1017","0"
"1018","0"
"1019","1"
"1020","0"
"1021","0"
"1022","1"
"1023","0"
"1024","0"
"1025","1"
"1026","0"
"1027","1"
"1028","0"
"1029","0"
"1030","0"
"1031","0"
"1032","1"
"1033","1"
"1034","0"
"1035","1"
"1036","1"
"1037","1"
"1038","1"
"1039","1"
"1040","0"
"1041","1"
"1042","0"
"1043","1"
"1044","0"
"1045","0"
"1046","1"
"1047","0"
"1048","0"
"1049","1"
"1050","0"
"1051","1"
"1052","0"
"1053","1"
"1054","0"
"1055","0"
"1056","0"
"1057","0"
"1058","0"
"1059","0"
"1060","0"
"1061","0"
"1062","0"
"1063","1"
"1064","0"
"1065","1"
"1066","1"
"1067","0"
"1068","0"
"1069","1"
"1070","0"
"1071","0"
"1072","0"
"1073","1"
"1074","0"
"1075","1"
"1076","0"
"1077","0"
"1078","1"
"1079","0"
"1080","1"
"1081","0"
"1082","0"
"1083","0"
"1084","1"
"1085","1"
"1086","0"
"1087","0"
"1088","1"
"1089","0"
"1090","0"
"1091","0"
"1092","0"
"1093","1"
"1094","0"
"1095","1"
"1096","0"
"1097","0"
"1098","1"
"1099","0"
"1100","0"
"1101","0"
"1102","1"
"1103","1"
"1104","0"
"1105","0"
"1106","1"
"1107","1"
"1108","1"
"1109","0"
"1110","0"
"1111","0"
"1112","0"
"1113","0"
"1114","0"
"1115","1"
"1116","0"
"1117","1"
"1118","1"
"1119","0"
"1120","0"
"1121","0"
"1122","0"
"1123","1"
"1124","0"
"1125","0"
"1126","1"
"1127","0"
"1128","1"
"1129","0"
"1130","0"
"1132","0"
"1133","0"
"1134","1"
"1135","0"
"1136","1"
"1137","0"
"1138","0"
"1139","1"
"1140","0"
"1141","0"
"1142","1"
"1143","0"
"1144","0"
"1145","1"
"1146","1"
"1147","1"
"1149","1"
"1150","1"
"1151","0"
"1152","0"
"1153","0"
"1154","0"
"1155","0"
"1156","0"
"1157","0"
"1158","0"
"1159","1"
"1160","1"
"1161","1"
"1162","1"
"1163","0"
"1164","0"
"1165","0"
"1166","1"
"1167","0"
"1168","0"
"1169","0"
"1170","0"
"1171","1"
"1172","0"
"1173","1"
"1174","0"
"1175","0"
"1176","1"
"1177","0"
"1178","0"
"1179","0"
"1180","1"
"1181","1"
"1182","1"
"1183","1"
"1184","0"
"1185","0"
"1186","0"
"1187","0"
"1188","0"
"1189","1"
"1190","1"
"1191","0"
"1192","1"
"1193","0"
"1194","1"
"1195","1"
"1196","0"
"1197","0"
"1198","0"
"1199","0"
"1200","0"
"1201","0"
"1202","1"
"1203","0"
"1204","0"
"1205","0"
"1206","0"
"1207","0"
"1208","0"
"1209","1"
"1210","0"
"1211","1"
"1212","0"
"1213","0"
"1214","0"
"1215","1"
"1216","0"
"1217","1"
"1218","1"
"1219","1"
"1220","0"
"1221","1"
"1222","1"
"1223","1"
"1224","1"
"1225","0"
"1226","0"
"1227","1"
"1228","0"
"1229","0"
"1230","0"
"1231","1"
"1232","0"
"1233","1"
"1234","0"
"1235","0"
"1236","1"
"1237","1"
"1238","1"
"1239","0"
"1240","0"
"1241","1"
"1242","0"
"1243","0"
"1244","0"
"1245","1"
"1246","1"
"1247","1"
"1248","1"
"1249","0"
"1250","0"
"1251","0"
"1252","1"
"1253","0"
"1254","0"
"1255","0"
"1256","0"
"1257","0"
"1258","0"
"1259","0"
"1260","0"
"1261","0"
"1262","0"
"1263","1"
"1264","1"
"1265","1"
"1266","1"
"1267","0"
"1268","1"
"1269","0"
"1270","0"
"1271","0"
"1272","1"
"1273","1"
"1274","1"
"1275","1"
"1276","0"
"1277","1"
"1278","1"
"1279","0"
"1280","1"
"1281","1"
"1282","1"
"1283","0"
"1284","1"
"1285","1"
"1286","1"
"1287","0"
"1288","0"
"1289","1"
"1290","0"
"1291","1"
"1292","0"
"1293","0"
"1294","0"
"1295","0"
"1296","1"
"1297","1"
"1298","0"
"1299","0"
"1300","0"
"1301","1"
"1302","0"
"1303","1"
"1304","1"
"1305","0"
"1306","0"
"1307","0"
"1308","0"
"1309","0"
"1310","0"
"1311","1"
"1312","0"
"1313","0"
"1314","1"
"1315","0"
"1316","1"
"1317","0"
"1318","1"
"1319","0"
"1320","0"
"1321","0"
"1322","0"
"1323","0"
"1324","1"
"1325","1"
"1326","0"
"1327","0"
"1328","0"
"1329","0"
"1330","1"
"1331","1"
"1332","0"
"1333","0"
"1334","0"
"1335","1"
"1336","1"
"1337","1"
"1338","0"
"1339","0"
"1340","0"
"1341","0"
"1342","1"
"1343","0"
"1344","1"
"1345","1"
"1346","0"
"1347","1"
"1348","1"
"1349","1"
"1350","1"
"1351","0"
"1352","1"
"1353","0"
"1354","1"
"1355","1"
"1356","1"
"1357","0"
"1358","1"
"1359","1"
"1360","1"
"1361","1"
"1362","1"
"1363","1"
"1364","1"
"1365","0"
"1366","1"
"1367","1"
"1368","0"
"1369","1"
"1370","1"
"1371","0"
"1372","1"
"1373","0"
"1374","0"
"1375","0"
"1376","0"
"1377","0"
"1378","1"
"1379","0"
"1380","1"
"1381","0"
"1382","1"
"1383","1"
"1384","0"
"1385","1"
"1386","0"
"1387","0"
"1388","1"
"1389","0"
"1390","0"
"1391","0"
"1392","1"
"1393","0"
"1394","1"
"1395","0"
"1396","0"
"1397","0"
"1398","0"
"1399","1"
"1400","0"
"1401","0"
"1402","0"
"1403","0"
"1404","0"
"1405","0"
"1406","0"
"1407","0"
"1408","0"
"1409","0"
"1410","1"
"1411","0"
"1412","1"
"1413","0"
"1414","0"
"1415","0"
"1416","0"
"1417","0"
"1418","1"
"1419","0"
"1420","0"
"1421","0"
"1422","1"
"1423","1"
"1424","0"
"1425","0"
"1426","0"
"1427","1"
"1428","0"
"1429","1"
"1430","0"
"1431","0"
"1432","1"
"1433","0"
"1434","0"
"1435","0"
"1436","0"
"1437","1"
"1438","0"
"1440","0"
"1441","0"
"1442","1"
"1443","1"
"1444","0"
"1445","0"
"1446","0"
"1447","1"
"1448","0"
"1449","0"
"1450","0"
"1451","0"
"1452","0"
"1453","0"
"1454","1"
"1455","0"
"1456","1"
"1457","0"
"1458","0"
"1459","1"
"1460","1"
"1461","1"
"1462","1"
"1463","1"
"1464","0"
"1465","1"
"1466","0"
"1467","1"
"1468","0"
"1469","1"
"1470","0"
"1471","0"
"1472","0"
"1473","1"
"1474","1"
"1475","1"
"1476","1"
"1477","1"
"1478","0"
"1479","0"
"1480","0"
"1481","1"
"1482","0"
"1483","0"
"1484","0"
"1485","0"
"1486","1"
"1487","0"
"1488","0"
"1489","0"
"1490","0"
"1491","1"
"1492","1"
"1493","0"
"1494","0"
"1495","1"
"1496","1"
"1497","0"
"1498","0"
"1499","0"
"1500","0"
"1501","0"
"1502","1"
"1503","0"
"1504","0"
"1505","1"
"1506","1"
"1507","0"
"1508","1"
"1509","1"
"1510","0"
"1511","0"
"1512","1"
"1513","0"
"1514","0"
"1515","0"
"1516","1"
"1517","0"
"1518","0"
"1519","0"
"1520","0"
"1521","1"
"1522","0"
"1523","0"
"1524","0"
"1525","1"
"1526","0"
"1527","1"
"1528","0"
"1529","0"
"1530","1"
"1531","1"
"1532","0"
"1533","0"
"1534","0"
"1535","1"
"1536","1"
"1537","0"
"1538","0"
"1539","1"
"1540","0"
"1541","0"
"1542","0"
"1543","0"
"1544","1"
"1545","1"
"1546","0"
"1547","1"
"1548","0"
"1549","0"
"1550","1"
"1551","1"
"1552","0"
"1553","1"
"1554","1"
"1555","0"
"1556","0"
"1557","1"
"1558","0"
"1559","0"
"1560","0"
"1561","0"
"1562","1"
"1563","0"
"1564","1"
"1565","0"
"1566","0"
"1567","0"
"1568","0"
"1569","1"
"1570","1"
"1571","0"
"1572","1"
"1573","1"
"1574","0"
"1575","1"
"1576","0"
"1577","0"
"1578","0"
"1579","0"
"1580","0"
"1581","0"
"1582","0"
"1583","1"
"1584","0"
"1585","0"
"1586","0"
"1587","0"
"1588","1"
"1589","1"
"1590","1"
"1591","1"
"1592","0"
"1593","0"
"1594","1"
"1595","1"
"1596","1"
"1597","1"
"1598","0"
"1599","0"
"1600","1"
"1601","0"
"1602","1"
"1603","0"
"1604","0"
"1605","0"
"1606","0"
"1607","0"
"1608","0"
"1609","0"
"1610","0"
"1611","0"
"1612","0"
"1613","1"
"1614","0"
"1615","1"
"1616","0"
"1617","0"
"1618","1"
"1619","0"
"1620","1"
"1621","0"
"1622","0"
"1623","0"
"1624","1"
"1625","0"
"1626","1"
"1627","0"
"1628","0"
"1629","0"
"1630","1"
"1631","0"
"1632","1"
"1633","1"
"1634","0"
"1635","1"
"1636","0"
"1637","1"
"1638","0"
"1639","0"
"1640","1"
"1641","1"
"1642","0"
"1643","1"
"1644","1"
"1645","1"
"1646","0"
"1647","0"
"1648","1"
"1649","1"
"1650","0"
"1651","1"
"1652","0"
"1653","0"
"1654","0"
"1655","0"
"1656","1"
"1657","0"
"1658","0"
"1659","0"
"1660","1"
"1661","1"
"1662","0"
"1663","0"
"1664","1"
"1665","0"
"1666","0"
"1667","0"
"1668","1"
"1669","0"
"1670","1"
"1671","1"
"1672","0"
"1673","0"
"1674","1"
"1675","0"
"1676","0"
"1677","1"
"1678","0"
"1679","1"
"1680","0"
"1681","1"
"1682","0"
"1683","0"
"1684","0"
"1685","0"
"1686","1"
"1687","0"
"1688","0"
"1689","1"
"1690","1"
"1691","1"
"1692","0"
"1693","0"
"1694","0"
"1695","1"
"1696","1"
"1697","1"
"1698","1"
"1699","0"
"1700","1"
"1701","1"
"1702","0"
"1703","0"
"1704","0"
"1705","0"
"1706","0"
"1707","0"
"1708","1"
"1709","1"
"1710","0"
"1711","0"
"1712","0"
"1713","1"
"1714","0"
"1715","1"
"1716","1"
"1717","1"
"1718","0"
"1719","1"
"1720","0"
"1721","0"
"1722","1"
"1723","0"
"1724","0"
"1725","0"
"1726","0"
"1727","0"
"1728","1"
"1729","1"
"1730","0"
"1731","1"
"1732","0"
"1733","0"
"1734","0"
"1735","1"
"1736","0"
"1737","0"
"1738","1"
"1739","1"
"1740","1"
"1741","0"
"1742","0"
"1744","0"
"1745","1"
"1746","1"
"1747","1"
"1748","0"
"1749","0"
"1750","0"
"1751","1"
"1752","0"
"1753","1"
"1754","0"
"1755","0"
"1757","1"
"1758","0"
"1759","0"
"1760","0"
"1761","0"
"1762","0"
"1763","0"
"1764","1"
"1765","1"
"1766","1"
"1767","0"
"1768","0"
"1769","0"
"1770","1"
"1771","0"
"1772","1"
"1773","0"
"1774","0"
"1775","1"
"1776","0"
"1777","0"
"1778","0"
"1779","1"
"1780","1"
"1781","0"
"1782","1"
"1783","1"
"1784","0"
"1785","0"
"1786","0"
"1787","1"
"1788","0"
"1789","0"
"1790","0"
"1791","1"
"1792","0"
"1793","0"
"1794","0"
"1795","1"
"1796","0"
"1797","1"
"1798","1"
"1799","0"
"1800","1"
"1801","0"
"1802","1"
"1803","1"
"1804","0"
"1805","1"
"1806","1"
"1807","1"
"1808","1"
"1809","0"
"1810","1"
"1811","1"
"1812","1"
"1813","0"
"1814","0"
"1815","0"
"1816","1"
"1817","0"
"1818","0"
"1819","1"
"1820","0"
"1821","1"
"1822","1"
"1823","1"
"1824","0"
"1825","0"
"1826","1"
"1827","1"
"1828","0"
"1829","0"
"1830","1"
"1831","0"
"1832","0"
"1833","0"
"1834","0"
"1835","0"
"1836","0"
"1837","1"
"1838","1"
"1839","0"
"1840","1"
"1841","0"
"1842","0"
"1843","0"
"1844","0"
"1845","0"
"1846","1"
"1847","0"
"1848","0"
"1849","0"
"1850","1"
"1851","0"
"1852","1"
"1853","0"
"1854","0"
"1855","0"
"1856","1"
"1857","0"
"1858","1"
"1859","0"
"1860","1"
"1861","0"
"1862","0"
"1863","0"
"1864","1"
"1865","0"
"1866","1"
"1867","0"
"1868","0"
"1869","0"
"1870","1"
"1871","1"
"1872","1"
"1873","1"
"1874","1"
"1875","1"
"1876","0"
"1877","0"
"1878","1"
"1879","0"
"1880","0"
"1881","1"
"1882","0"
"1883","0"
"1884","0"
"1885","0"
"1886","0"
"1887","0"
"1888","0"
"1889","1"
"1890","1"
"1891","1"
"1892","0"
"1893","0"
"1894","1"
"1895","1"
"1896","1"
"1897","0"
"1898","0"
"1899","1"
"1900","1"
"1901","0"
"1902","0"
"1903","0"
"1904","0"
"1905","1"
"1906","0"
"1907","1"
"1908","1"
"1909","0"
"1910","0"
"1911","0"
"1912","1"
"1913","0"
"1914","1"
"1915","1"
"1916","1"
"1917","0"
"1918","1"
"1919","0"
"1920","0"
"1921","0"
"1922","0"
"1923","0"
"1924","0"
"1925","1"
"1926","0"
"1927","1"
"1928","0"
"1929","0"
"1930","0"
"1931","0"
"1932","1"
"1933","0"
"1934","1"
"1935","0"
"1936","0"
"1937","1"
"1938","0"
"1939","0"
"1940","0"
"1941","0"
"1942","1"
"1943","0"
"1944","0"
"1945","1"
"1946","0"
"1947","1"
"1948","0"
"1949","0"
"1950","0"
"1951","1"
"1952","1"
"1953","0"
"1954","1"
"1955","0"
"1956","0"
"1957","0"
"1958","1"
"1959","1"
"1960","0"
"1961","1"
"1962","0"
"1963","1"
"1964","0"
"1965","0"
"1966","1"
"1967","0"
"1968","1"
"1969","1"
"1970","1"
"1971","1"
"1972","1"
"1973","1"
"1974","1"
"1975","1"
"1976","0"
"1977","0"
"1978","0"
"1980","0"
"1981","0"
"1982","1"
"1983","0"
"1984","1"
"1985","1"
"1986","0"
"1987","1"
"1988","0"
"1989","0"
"1990","0"
"1991","1"
"1992","0"
"1993","0"
"1994","0"
"1995","1"
"1996","1"
"1997","0"
"1998","0"
"1999","0"
"2000","0"
"2001","0"
"2002","1"
"2003","0"
"2004","0"
"2005","1"
"2006","0"
"2007","1"
"2008","1"
"2009","0"
"2010","0"
"2011","1"
"2012","0"
"2013","0"
"2014","1"
"2015","0"
"2016","0"
"2017","0"
"2018","0"
"2019","0"
"2020","0"
"2021","1"
"2022","0"
"2023","0"
"2024","1"
"2025","0"
"2026","0"
"2027","0"
"2028","1"
"2029","1"
"2030","1"
"2031","1"
"2032","0"
"2034","0"
"2035","1"
"2036","1"
"2037","0"
"2038","1"
"2039","1"
"2040","1"
"2041","1"
"2042","0"
"2043","0"
"2044","1"
"2045","1"
"2046","0"
"2047","0"
"2048","1"
"2049","0"
"2050","0"
"2051","0"
"2052","0"
"2053","0"
"2054","1"
"2055","0"
"2056","1"
"2057","1"
"2058","0"
"2059","1"
"2060","0"
"2061","1"
"2062","0"
"2063","1"
"2064","1"
"2065","1"
"2066","0"
"2067","1"
"2068","0"
"2069","0"
"2070","0"
"2071","1"
"2072","0"
"2073","0"
"2074","0"
"2075","0"
"2076","0"
"2077","0"
"2078","1"
"2079","0"
"2080","1"
"2081","0"
"2082","0"
"2083","1"
"2084","0"
"2085","0"
"2086","0"
"2087","0"
"2088","0"
"2089","0"
"2090","1"
"2091","0"
"2092","0"
"2093","0"
"2094","0"
"2095","0"
"2096","1"
"2097","0"
"2098","1"
"2099","0"
"2100","1"
"2101","0"
"2102","0"
"2103","1"
"2104","1"
"2105","0"
"2106","0"
"2107","1"
"2108","0"
"2109","1"
"2110","0"
"2111","1"
"2112","1"
"2113","0"
"2114","0"
"2115","0"
"2116","0"
"2117","1"
"2118","1"
"2119","1"
"2120","0"
"2121","1"
"2122","1"
"2123","1"
"2124","0"
"2125","0"
"2126","0"
"2127","0"
"2128","0"
"2129","1"
"2130","0"
"2131","1"
"2132","1"
"2133","0"
"2134","0"
"2135","0"
"2136","0"
"2137","0"
"2138","0"
"2139","0"
"2140","0"
"2141","0"
"2142","1"
"2143","0"
"2144","0"
"2145","0"
"2146","0"
"2147","0"
"2148","0"
"2149","1"
"2150","0"
"2151","0"
"2152","0"
"2153","0"
"2154","1"
"2155","1"
"2156","0"
"2157","0"
"2158","0"
"2159","0"
"2160","1"
"2161","0"
"2162","0"
"2163","0"
"2164","1"
"2165","0"
"2166","0"
"2167","0"
"2168","0"
"2170","0"
"2171","1"
"2172","0"
"2173","0"
"2174","1"
"2175","0"
"2176","0"
"2177","0"
"2178","0"
"2179","0"
"2180","0"
"2181","0"
"2182","0"
"2183","1"
"2184","1"
"2185","0"
"2186","0"
"2187","0"
"2188","1"
"2189","0"
"2190","0"
"2191","1"
"2192","1"
"2193","0"
"2194","1"
"2195","0"
"2196","1"
"2197","0"
"2198","1"
"2199","1"
"2200","0"
"2201","0"
"2202","0"
"2203","0"
"2204","1"
"2205","1"
"2206","1"
"2207","1"
"2208","0"
"2209","1"
"2210","1"
"2211","1"
"2212","0"
"2213","1"
"2214","0"
"2215","1"
"2216","1"
"2217","1"
"2218","0"
"2219","1"
"2220","0"
"2221","1"
"2222","1"
"2223","1"
"2224","1"
"2225","1"
"2226","0"
"2227","0"
"2228","0"
"2229","0"
"2230","0"
"2231","0"
"2232","1"
"2233","0"
"2234","0"
"2235","1"
"2236","0"
"2237","0"
"2238","0"
"2239","0"
"2240","0"
"2241","1"
"2242","0"
"2243","1"
"2244","0"
"2245","0"
"2246","0"
"2247","0"
"2248","0"
"2249","1"
"2250","1"
"2251","1"
"2252","0"
"2253","0"
"2254","0"
"2255","0"
"2256","0"
"2257","1"
"2258","0"
"2259","0"
"2260","0"
"2261","1"
"2262","1"
"2263","0"
"2264","1"
"2265","1"
"2266","1"
"2267","1"
"2268","0"
"2269","1"
"2270","0"
"2271","0"
"2272","0"
"2273","1"
"2274","1"
"2275","0"
"2276","0"
"2277","0"
"2278","0"
"2279","1"
"2280","0"
"2281","1"
"2282","0"
"2283","0"
"2284","0"
"2285","0"
"2286","0"
"2287","0"
"2288","0"
"2289","0"
"2290","1"
"2291","0"
"2292","0"
"2293","1"
"2294","0"
"2295","0"
"2296","1"
"2297","0"
"2298","1"
"2299","1"
"2300","0"
"2301","1"
"2302","1"
"2303","1"
"2304","0"
"2305","1"
"2306","1"
"2307","1"
"2308","0"
"2309","1"
"2310","0"
"2311","1"
"2312","0"
"2313","1"
"2314","0"
"2315","0"
"2316","0"
"2317","1"
"2318","0"
"2319","0"
"2320","0"
"2321","1"
"2322","0"
"2323","0"
"2324","1"
"2325","0"
"2326","0"
"2327","0"
"2328","0"
"2329","0"
"2330","0"
"2331","0"
"2332","0"
"2333","1"
"2334","1"
"2335","0"
"2336","1"
"2337","1"
"2338","1"
"2339","0"
"2340","1"
"2341","1"
"2342","0"
"2343","0"
"2344","0"
"2345","1"
"2346","0"
"2347","0"
"2348","0"
"2349","0"
"2350","1"
"2351","1"
"2352","0"
"2353","0"
"2354","0"
"2355","1"
"2356","1"
"2357","1"
"2358","0"
"2359","0"
"2360","1"
"2361","0"
"2362","0"
"2363","0"
"2364","0"
"2365","0"
"2366","0"
"2367","1"
"2368","0"
"2369","0"
"2370","0"
"2371","0"
"2372","1"
"2373","0"
"2374","1"
"2375","1"
"2376","1"
"2377","0"
"2378","0"
"2379","0"
"2380","1"
"2381","1"
"2382","1"
"2383","0"
"2384","1"
"2385","1"
"2386","1"
"2387","0"
"2388","0"
"2389","0"
"2390","1"
"2391","1"
"2392","0"
"2393","1"
"2394","0"
"2395","0"
"2396","1"
"2397","0"
"2398","0"
"2399","0"
"2400","1"
"2401","1"
"2402","0"
"2403","1"
"2404","0"
"2405","0"
"2406","1"
"2407","0"
"2408","0"
"2409","0"
"2410","1"
"2411","0"
"2412","1"
"2413","1"
"2414","0"
"2415","1"
"2416","1"
"2417","1"
"2418","0"
"2419","0"
"2420","1"
"2421","1"
"2422","0"
"2423","1"
"2424","0"
"2425","0"
"2426","1"
"2427","1"
"2428","0"
"2429","1"
"2430","1"
"2431","1"
"2432","0"
"2433","0"
"2434","1"
"2435","1"
"2436","1"
"2437","0"
"2438","0"
"2439","0"
"2440","0"
"2441","1"
"2442","0"
"2443","0"
"2444","0"
"2445","1"
"2446","0"
"2447","0"
"2448","1"
"2449","1"
"2450","1"
"2451","1"
"2452","1"
"2453","0"
"2454","1"
"2455","0"
"2456","1"
"2457","0"
"2458","0"
"2459","0"
"2460","0"
"2461","0"
"2462","1"
"2463","0"
"2464","1"
"2465","0"
"2466","0"
"2467","0"
"2468","1"
"2469","0"
"2470","0"
"2471","0"
"2472","1"
"2473","1"
"2474","1"
"2475","0"
"2476","1"
"2477","0"
"2478","0"
"2479","0"
"2480","0"
"2481","1"
"2482","1"
"2483","1"
"2484","1"
"2485","1"
"2486","1"
"2487","1"
"2488","0"
"2489","1"
"2490","1"
"2491","0"
"2492","0"
"2493","1"
"2494","0"
"2495","1"
"2496","0"
"2497","0"
"2498","0"
"2499","1"
"2500","1"
"2501","0"
"2502","0"
"2503","0"
"2504","0"
"2505","0"
"2506","1"
"2507","0"
"2508","1"
"2509","0"
"2510","1"
"2511","0"
"2512","1"
"2513","0"
"2514","0"
"2515","1"
"2516","1"
"2517","1"
"2518","1"
"2519","0"
"2520","0"
"2521","0"
"2522","1"
"2523","1"
"2524","0"
"2525","0"
"2526","1"
"2527","1"
"2528","0"
"2529","1"
"2530","1"
"2531","1"
"2532","1"
"2533","1"
"2534","0"
"2535","0"
"2536","0"
"2537","0"
"2538","1"
"2539","0"
"2540","0"
"2541","0"
"2542","1"
"2543","0"
"2544","0"
"2545","1"
"2546","0"
"2547","0"
"2548","0"
"2549","0"
"2550","1"
"2551","0"
"2552","0"
"2553","0"
"2554","0"
"2555","0"
"2556","0"
"2557","1"
"2558","1"
"2559","1"
"2560","0"
"2561","0"
"2562","1"
"2563","1"
"2564","1"
"2565","1"
"2566","0"
"2567","0"
"2568","0"
"2569","0"
"2570","1"
"2571","1"
"2572","0"
"2573","1"
"2574","1"
"2575","0"
"2576","1"
"2577","1"
"2578","0"
"2579","0"
"2580","1"
"2581","0"
"2582","0"
"2583","0"
"2584","1"
"2585","0"
"2586","0"
"2587","0"
"2588","0"
"2589","1"
"2590","0"
"2591","1"
"2592","0"
"2593","0"
"2594","0"
"2595","1"
"2596","0"
"2597","1"
"2598","0"
"2599","0"
"2600","1"
"2601","0"
"2602","0"
"2603","0"
"2604","0"
"2605","0"
"2606","0"
"2607","0"
"2608","0"
"2609","1"
"2610","0"
"2611","1"
"2612","0"
"2613","0"
"2614","1"
"2615","1"
"2616","0"
"2617","0"
"2618","0"
"2619","1"
"2620","0"
"2621","0"
"2622","0"
"2623","0"
"2624","0"
"2625","0"
"2626","0"
"2627","0"
"2628","0"
"2629","0"
"2630","0"
"2631","0"
"2632","1"
"2633","0"
"2634","1"
"2635","0"
"2636","1"
"2637","0"
"2638","1"
"2639","0"
"2640","0"
"2641","0"
"2642","0"
"2643","1"
"2644","1"
"2645","1"
"2646","1"
"2647","1"
"2648","0"
"2649","0"
"2650","1"
"2651","0"
"2652","1"
"2653","1"
"2654","1"
"2655","0"
"2657","1"
"2658","1"
"2659","0"
"2660","0"
"2661","1"
"2662","0"
"2663","0"
"2664","1"
"2665","1"
"2666","1"
"2667","1"
"2668","1"
"2669","1"
"2670","0"
"2671","1"
"2672","1"
"2673","1"
"2674","1"
"2675","0"
"2676","0"
"2677","0"
"2678","0"
"2679","1"
"2680","0"
"2681","0"
"2682","0"
"2683","0"
"2684","0"
"2685","1"
"2687","0"
"2688","1"
"2689","0"
"2690","1"
"2691","1"
"2692","0"
"2693","0"
"2694","0"
"2695","0"
"2696","1"
"2697","1"
"2698","0"
"2699","0"
"2700","0"
"2701","0"
"2702","1"
"2703","0"
"2704","0"
"2705","0"
"2706","0"
"2707","0"
"2708","0"
"2709","0"
"2710","0"
"2711","0"
"2712","0"
"2713","0"
"2714","0"
"2715","1"
"2716","1"
"2717","0"
"2718","0"
"2719","1"
"2720","0"
"2721","1"
"2722","0"
"2723","0"
"2724","1"
"2725","0"
"2726","1"
"2727","0"
"2728","0"
"2729","0"
"2730","0"
"2731","0"
"2732","1"
"2733","0"
"2734","0"
"2735","1"
"2736","0"
"2737","0"
"2738","1"
"2739","0"
"2740","1"
"2741","0"
"2742","0"
"2743","1"
"2744","0"
"2745","0"
"2746","0"
"2747","1"
"2748","0"
"2749","0"
"2750","0"
"2751","0"
"2752","0"
"2753","0"
"2754","1"
"2755","0"
"2756","0"
"2757","1"
"2758","0"
"2759","0"
"2760","1"
"2761","1"
"2762","1"
"2763","1"
"2764","1"
"2765","0"
"2766","0"
"2767","0"
"2768","1"
"2769","0"
"2770","0"
"2771","0"
"2772","0"
"2773","1"
"2774","0"
"2775","0"
"2776","1"
"2777","1"
"2778","0"
"2779","0"
"2780","0"
"2781","1"
"2782","0"
"2783","0"
"2784","0"
"2785","1"
"2786","0"
"2787","1"
"2788","0"
"2789","1"
"2790","1"
"2791","1"
"2792","0"
"2793","0"
"2794","1"
"2795","1"
"2796","1"
"2797","0"
"2798","0"
"2799","1"
"2800","1"
"2801","0"
"2802","0"
"2803","0"
"2804","0"
"2805","1"
"2806","0"
"2807","0"
"2808","1"
"2809","0"
"2810","0"
"2811","0"
"2812","1"
"2813","0"
"2814","0"
"2815","1"
"2816","1"
"2817","1"
"2818","0"
"2819","0"
"2820","0"
"2821","1"
"2822","0"
"2823","1"
"2824","0"
"2825","1"
"2826","0"
"2827","0"
"2828","1"
"2829","0"
"2830","1"
"2831","0"
"2832","0"
"2833","0"
"2834","0"
"2835","0"
"2836","1"
"2837","0"
"2838","1"
"2839","0"
"2840","0"
"2841","0"
"2842","1"
"2844","1"
"2845","0"
"2846","1"
"2847","1"
"2848","1"
"2849","1"
"2850","0"
"2851","1"
"2852","0"
"2853","1"
"2854","0"
"2855","0"
"2856","1"
"2857","0"
"2858","0"
"2859","1"
"2860","0"
"2861","1"
"2862","0"
"2863","1"
"2864","1"
"2865","0"
"2866","0"
"2867","0"
"2868","0"
"2869","1"
"2870","0"
"2871","0"
"2872","1"
"2873","0"
"2874","0"
"2875","0"
"2876","0"
"2877","0"
"2878","0"
"2879","0"
"2880","1"
"2881","0"
"2882","1"
"2883","0"
"2884","1"
"2885","0"
"2886","1"
"2887","1"
"2888","0"
"2889","1"
"2890","1"
"2891","0"
"2892","0"
"2893","0"
"2894","1"
"2895","0"
"2896","1"
"2897","0"
"2898","0"
"2899","0"
"2900","0"
"2901","0"
"2902","1"
"2903","0"
"2904","1"
"2905","0"
"2906","1"
"2907","1"
"2908","0"
"2909","1"
"2910","0"
"2911","0"
"2912","0"
"2913","0"
"2914","0"
"2915","1"
"2916","0"
"2917","0"
"2918","0"
"2919","0"
"2920","0"
"2921","1"
"2922","1"
"2923","1"
"2924","0"
"2925","1"
"2926","1"
"2927","1"
"2928","0"
"2929","0"
"2930","1"
"2931","1"
"2932","1"
"2933","1"
"2934","0"
"2935","0"
"2936","0"
"2937","1"
"2938","0"
"2939","1"
"2940","1"
"2941","0"
"2943","1"
"2944","0"
"2945","0"
"2946","1"
"2947","0"
"2948","0"
"2949","1"
"2950","1"
"2951","0"
"2952","0"
"2953","0"
"2954","0"
"2955","0"
"2956","0"
"2957","0"
"2958","1"
"2959","0"
"2960","0"
"2961","1"
"2962","1"
"2963","1"
"2964","0"
"2965","1"
"2966","0"
"2967","1"
"2968","1"
"2969","1"
"2970","0"
"2971","0"
"2972","1"
"2973","0"
"2974","1"
"2975","0"
"2976","1"
"2977","0"
"2978","1"
"2979","0"
"2980","0"
"2981","0"
"2982","1"
"2983","1"
"2984","1"
"2985","0"
"2986","0"
"2987","1"
"2988","1"
"2989","0"
"2990","0"
"2991","0"
"2992","0"
"2993","0"
"2994","0"
"2995","0"
"2996","1"
"2997","1"
"2998","0"
"2999","0"
"3000","1"
"3001","0"
"3002","0"
"3003","0"
"3004","0"
"3005","0"
"3006","0"
"3007","1"
"3008","1"
"3009","0"
"3010","0"
"3011","1"
"3012","1"
"3013","0"
"3014","1"
"3015","1"
"3016","1"
"3017","1"
"3018","1"
"3019","1"
"3020","1"
"3021","1"
"3022","0"
"3023","0"
"3024","0"
"3025","1"
"3026","0"
"3027","1"
"3028","0"
"3029","1"
"3030","1"
"3031","0"
"3032","0"
"3033","0"
"3034","0"
"3035","0"
"3036","0"
"3037","0"
"3038","0"
"3039","1"
"3040","0"
"3041","0"
"3042","1"
"3043","1"
"3044","0"
"3045","1"
"3046","0"
"3047","1"
"3048","0"
"3049","0"
"3050","1"
"3051","0"
"3052","1"
"3053","1"
"3054","0"
"3055","1"
"3056","1"
"3057","0"
"3058","0"
"3059","0"
"3060","1"
"3061","0"
"3062","1"
"3063","0"
"3064","0"
"3065","1"
"3066","0"
"3067","0"
"3068","1"
"3069","0"
"3070","0"
"3071","0"
"3072","1"
"3073","0"
"3074","0"
"3075","0"
"3076","0"
"3077","0"
"3078","0"
"3079","0"
"3080","0"
"3081","0"
"3082","0"
"3083","0"
"3084","1"
"3085","1"
"3086","0"
"3087","0"
"3088","0"
"3089","0"
"3090","1"
"3091","1"
"3092","1"
"3093","0"
"3094","1"
"3095","0"
"3096","0"
"3097","0"
"3098","1"
"3099","1"
"3100","1"
"3101","1"
"3102","1"
"3103","0"
"3104","1"
"3105","0"
"3106","0"
"3107","0"
"3108","0"
"3109","0"
"3110","0"
"3111","0"
"3112","1"
"3113","1"
"3114","0"
"3115","1"
"3116","1"
"3117","1"
"3118","0"
"3119","1"
"3120","0"
"3121","0"
"3122","0"
"3123","1"
"3124","0"
"3125","0"
"3126","0"
"3127","0"
"3128","0"
"3129","0"
"3130","1"
"3131","0"
"3132","1"
"3133","1"
"3134","0"
"3135","1"
"3136","1"
"3137","1"
"3138","1"
"3139","0"
"3140","0"
"3141","1"
"3142","0"
"3143","1"
"3144","1"
"3145","0"
"3146","0"
"3147","0"
"3148","1"
"3149","0"
"3150","1"
"3151","1"
"3152","0"
"3153","1"
"3154","1"
"3155","0"
"3156","0"
"3157","0"
"3158","1"
"3159","1"
"3160","1"
"3161","1"
"3162","1"
"3163","0"
"3164","1"
"3165","0"
"3166","1"
"3167","1"
"3168","1"
"3169","0"
"3170","0"
"3171","0"
"3172","0"
"3173","0"
"3174","1"
"3175","0"
"3176","0"
"3177","0"
"3178","0"
"3179","0"
"3180","1"
"3181","0"
"3182","1"
"3183","0"
"3184","0"
"3185","0"
"3186","0"
"3187","1"
"3188","1"
"3189","1"
"3190","1"
"3191","0"
"3192","1"
"3193","1"
"3194","0"
"3195","0"
"3196","1"
"3197","0"
"3198","1"
"3199","0"
"3200","0"
"3201","0"
"3202","0"
"3203","0"
"3204","1"
"3205","0"
"3206","0"
"3207","0"
"3208","1"
"3209","0"
"3210","1"
"3211","0"
"3212","0"
"3213","0"
"3214","0"
"3215","0"
"3216","0"
"3217","0"
"3218","0"
"3219","0"
"3220","1"
"3221","0"
"3222","0"
"3223","0"
"3224","1"
"3225","1"
"3226","1"
"3227","0"
"3228","1"
"3229","1"
"3230","0"
"3231","0"
"3232","0"
"3233","0"
"3234","0"
"3235","1"
"3236","1"
"3237","0"
"3238","0"
"3239","0"
"3240","1"
"3241","1"
"3242","0"
"3243","0"
"3244","0"
"3245","0"
"3246","1"
"3247","0"
"3248","1"
"3249","0"
"3250","0"
"3251","1"
"3252","1"
"3253","0"
"3254","0"
"3255","0"
"3256","0"
"3257","1"
"3258","0"
"3259","0"
"3260","0"
"3261","0"
"3262","0"
"3263","0"
"3264","0"
"3265","1"
"3266","1"
"3267","0"
"3268","1"
"3269","0"
"3270","0"
"3271","1"
"3272","0"
"3273","1"
"3274","1"
"3275","1"
"3276","0"
"3277","1"
"3278","0"
"3279","0"
"3280","0"
"3281","0"
"3282","1"
"3283","0"
"3284","1"
"3285","0"
"3286","1"
"3287","0"
"3288","0"
"3289","0"
"3290","1"
"3291","0"
"3292","1"
"3293","0"
"3294","0"
"3295","0"
"3296","0"
"3297","0"
"3298","0"
"3299","0"
"3300","1"
"3301","0"
"3302","0"
"3303","0"
"3304","1"
"3305","0"
"3306","0"
"3307","1"
"3308","1"
"3309","0"
"3310","0"
"3311","0"
"3312","0"
"3313","0"
"3314","1"
"3315","0"
"3316","0"
"3317","0"
"3318","0"
"3319","0"
"3320","0"
"3321","1"
"3322","0"
"3323","0"
"3324","1"
"3325","1"
"3326","0"
"3327","0"
"3328","1"
"3329","0"
"3330","0"
"3331","0"
"3332","0"
"3333","0"
"3334","0"
"3335","1"
"3336","0"
"3337","0"
"3338","0"
"3339","1"
"3340","0"
"3341","0"
"3342","0"
"3343","0"
"3344","0"
"3345","0"
"3346","0"
"3347","1"
"3348","1"
"3349","1"
"3350","0"
"3351","0"
"3352","1"
"3353","1"
"3354","0"
"3355","0"
"3356","0"
"3357","0"
"3358","1"
"3359","1"
"3360","0"
"3361","0"
"3362","0"
"3363","0"
"3364","0"
"3365","0"
"3366","0"
"3367","1"
"3368","0"
"3369","1"
"3370","0"
"3371","1"
"3372","0"
"3373","0"
"3374","0"
"3375","0"
"3376","1"
"3377","0"
"3378","0"
"3379","0"
"3380","0"
"3381","0"
"3382","1"
"3383","0"
"3384","0"
"3385","1"
"3386","1"
"3387","0"
"3388","0"
"3389","1"
"3390","1"
"3391","0"
"3392","0"
"3393","0"
"3394","0"
"3395","0"
"3396","1"
"3397","0"
"3398","0"
"3399","0"
"3400","0"
"3401","1"
"3402","0"
"3403","0"
"3404","0"
"3405","0"
"3406","0"
"3407","1"
"3408","1"
"3409","1"
"3410","0"
"3411","1"
"3412","1"
"3413","1"
"3414","1"
"3415","0"
"3416","0"
"3417","1"
"3418","0"
"3419","0"
"3420","1"
"3421","1"
"3422","0"
"3423","1"
"3424","1"
"3425","1"
"3426","0"
"3427","0"
"3428","1"
"3429","1"
"3430","0"
"3431","0"
"3432","1"
"3433","1"
"3434","1"
"3435","0"
"3436","1"
"3437","1"
"3438","1"
"3439","0"
"3440","0"
"3441","1"
"3442","0"
"3443","0"
"3444","0"
"3445","1"
"3446","0"
"3447","0"
"3448","0"
"3449","1"
"3450","1"
"3451","1"
"3452","0"
"3453","0"
"3454","0"
"3455","0"
"3456","1"
"3457","1"
"3458","0"
"3459","0"
"3460","1"
"3461","0"
"3462","0"
"3463","0"
"3464","1"
"3465","1"
"3466","0"
"3467","1"
"3468","1"
"3469","1"
"3470","1"
"3471","0"
"3472","0"
"3473","0"
"3474","0"
"3475","0"
"3476","0"
"3477","0"
"3478","0"
"3479","1"
"3480","1"
"3481","1"
"3482","0"
"3483","1"
"3484","0"
"3485","1"
"3486","0"
"3487","0"
"3488","0"
"3489","0"
"3490","0"
"3492","0"
"3493","0"
"3494","1"
"3495","0"
"3496","0"
"3497","1"
"3498","0"
"3499","0"
"3500","1"
"3501","0"
"3502","0"
"3503","1"
"3504","1"
"3505","1"
"3506","0"
"3507","1"
"3508","1"
"3509","1"
"3510","0"
"3511","1"
"3512","0"
"3513","1"
"3514","0"
"3515","1"
"3516","1"
"3517","1"
"3518","0"
"3519","0"
"3520","0"
"3521","0"
"3522","0"
"3523","0"
"3524","0"
"3525","1"
"3526","0"
"3527","1"
"3528","1"
"3529","0"
"3530","1"
"3531","1"
"3532","0"
"3533","1"
"3534","0"
"3535","0"
"3536","0"
"3537","1"
"3538","1"
"3539","0"
"3540","0"
"3541","0"
"3542","0"
"3543","0"
"3544","0"
"3545","1"
"3546","1"
"3547","0"
"3548","1"
"3549","0"
"3550","1"
"3551","0"
"3552","1"
"3553","0"
"3554","0"
"3555","0"
"3556","1"
"3557","0"
"3558","1"
"3559","1"
"3560","0"
"3561","0"
"3562","0"
"3563","0"
"3564","0"
"3565","1"
"3566","0"
"3567","0"
"3568","0"
"3569","1"
"3570","0"
"3571","0"
"3572","0"
"3573","1"
"3574","0"
"3575","1"
"3576","0"
"3577","1"
"3578","1"
"3579","0"
"3580","0"
"3581","1"
"3582","1"
"3583","0"
"3584","0"
"3585","0"
"3586","0"
"3587","0"
"3588","1"
"3589","0"
"3590","1"
"3591","1"
"3592","0"
"3593","0"
"3594","0"
"3595","1"
"3596","0"
"3597","0"
"3598","1"
"3599","1"
"3600","0"
"3601","1"
"3602","1"
"3603","1"
"3604","0"
"3605","1"
"3606","1"
"3607","1"
"3608","1"
"3609","0"
"3610","0"
"3611","1"
"3612","0"
"3613","1"
"3614","0"
"3615","0"
"3617","0"
"3618","1"
"3619","0"
"3620","1"
"3621","0"
"3622","0"
"3623","1"
"3624","0"
"3625","0"
"3626","1"
"3627","1"
"3628","1"
"3629","1"
"3630","0"
"3631","1"
"3632","0"
"3633","1"
"3634","0"
"3635","1"
"3636","0"
"3637","1"
"3638","0"
"3639","1"
"3640","0"
"3641","1"
"3642","0"
"3643","0"
"3644","0"
"3645","1"
"3646","0"
"3647","0"
"3648","0"
"3649","0"
"3650","0"
"3651","0"
"3652","1"
"3653","1"
"3654","0"
"3655","0"
"3656","0"
"3657","1"
"3658","1"
"3659","0"
"3660","1"
"3661","0"
"3662","1"
"3663","0"
"3664","1"
"3665","0"
"3666","0"
"3667","0"
"3668","0"
"3669","1"
"3670","1"
"3671","0"
"3672","0"
"3673","1"
"3674","0"
"3675","0"
"3676","0"
"3677","0"
"3678","1"
"3679","0"
"3680","0"
"3681","0"
"3682","1"
"3683","0"
"3684","0"
"3685","0"
"3686","1"
"3687","0"
"3688","1"
"3689","1"
"3690","0"
"3691","1"
"3692","1"
"3693","0"
"3694","0"
"3695","0"
"3696","1"
"3697","0"
"3698","1"
"3699","1"
"3700","0"
"3701","0"
"3702","1"
"3703","0"
"3704","0"
"3705","1"
"3706","1"
"3707","1"
"3708","1"
"3709","1"
"3710","0"
"3711","1"
"3712","1"
"3713","0"
"3714","1"
"3715","0"
"3716","1"
"3717","0"
"3718","0"
"3719","1"
"3720","0"
"3721","1"
"3722","1"
"3723","0"
"3724","0"
"3725","0"
"3726","0"
"3727","0"
"3728","0"
"3729","1"
"3730","0"
"3731","0"
"3732","0"
"3733","1"
"3734","0"
"3735","0"
"3736","1"
"3737","1"
"3738","0"
"3740","1"
"3741","0"
"3742","1"
"3743","0"
"3744","0"
"3745","0"
"3746","1"
"3747","1"
"3748","0"
"3749","0"
"3750","1"
"3751","1"
"3752","1"
"3753","0"
"3754","1"
"3755","0"
"3756","0"
"3757","1"
"3758","0"
"3759","1"
"3760","1"
"3761","1"
"3762","1"
"3763","0"
"3764","0"
"3765","0"
"3766","0"
"3767","0"
"3768","1"
"3769","1"
"3770","1"
"3771","0"
"3772","0"
"3773","0"
"3774","1"
"3775","0"
"3776","1"
"3777","1"
"3778","0"
"3779","0"
"3780","0"
"3781","1"
"3782","0"
"3783","0"
"3784","0"
"3785","1"
"3786","1"
"3787","1"
"3788","0"
"3789","1"
"3790","0"
"3791","0"
"3792","1"
"3793","1"
"3794","1"
"3795","1"
"3796","0"
"3797","0"
"3798","0"
"3799","1"
"3800","1"
"3801","0"
"3802","1"
"3803","0"
"3804","0"
"3805","0"
"3806","0"
"3807","1"
"3808","0"
"3809","1"
"3810","1"
"3811","0"
"3812","0"
"3813","0"
"3814","1"
"3815","0"
"3816","0"
"3817","0"
"3818","1"
"3819","1"
"3820","0"
"3821","0"
"3822","0"
"3823","1"
"3824","0"
"3825","0"
"3826","0"
"3827","0"
"3828","0"
"3829","0"
"3830","1"
"3831","0"
"3832","0"
"3833","0"
"3834","0"
"3835","0"
"3836","0"
"3837","0"
"3838","1"
"3839","0"
"3840","0"
"3841","1"
"3842","1"
"3843","0"
"3844","0"
"3845","0"
"3846","0"
"3847","0"
"3848","1"
"3849","0"
"3850","0"
"3851","1"
"3852","1"
"3853","0"
"3854","0"
"3855","0"
"3856","0"
"3857","0"
"3858","0"
"3859","0"
"3860","0"
"3861","1"
"3862","1"
"3863","0"
"3864","1"
"3865","1"
"3866","0"
"3867","1"
"3868","0"
"3869","0"
"3870","1"
"3871","0"
"3872","1"
"3873","0"
"3874","1"
"3875","0"
"3876","0"
"3877","1"
"3878","1"
"3879","0"
"3880","0"
"3881","0"
"3882","1"
"3883","1"
"3884","1"
"3885","0"
"3886","0"
"3887","0"
"3888","1"
"3889","1"
"3890","1"
"3891","1"
"3892","0"
"3893","1"
"3894","1"
"3895","1"
"3896","1"
"3897","0"
"3898","1"
"3899","0"
"3900","1"
"3901","0"
"3902","0"
"3903","0"
"3904","0"
"3905","0"
"3906","0"
"3907","0"
"3908","1"
"3909","0"
"3910","0"
"3911","1"
"3912","1"
"3913","1"
"3914","0"
"3915","0"
"3916","1"
"3917","0"
"3918","0"
"3919","0"
"3920","1"
"3921","0"
"3922","0"
"3923","1"
"3924","0"
"3925","1"
"3926","0"
"3927","1"
"3928","0"
"3929","1"
"3930","0"
"3931","1"
"3932","1"
"3933","0"
"3934","0"
"3935","0"
"3936","0"
"3937","0"
"3938","1"
"3939","0"
"3940","0"
"3941","1"
"3942","0"
"3943","1"
"3944","0"
"3945","1"
"3946","0"
"3947","1"
"3948","1"
"3949","0"
"3950","1"
"3951","0"
"3952","0"
"3953","0"
"3954","1"
"3955","0"
"3956","0"
"3957","0"
"3958","1"
"3959","1"
"3960","0"
"3961","1"
"3962","0"
"3963","0"
"3964","1"
"3965","0"
"3966","1"
"3967","1"
"3968","0"
"3969","0"
"3970","0"
"3971","1"
"3972","0"
"3973","0"
"3974","0"
"3975","1"
"3976","0"
"3977","0"
"3978","0"
"3979","1"
"3980","0"
"3981","0"
"3982","0"
"3983","0"
"3984","0"
"3985","0"
"3986","0"
"3987","1"
"3988","1"
"3989","0"
"3990","0"
"3991","0"
"3992","0"
"3993","1"
"3994","0"
"3995","0"
"3996","1"
"3997","0"
"3998","0"
"3999","0"
"4000","0"
